<application>
  <component name="com.intellij.ide.ui.customization.CustomActionsSchema">
    <group value="AtomFileIcons.Actions" is_group="true" forse_popup="false" action_type="-1" position="7">
      <path value="root" />
      <path value="Main Toolbar" />
      <path value="Right" />
      <option name="myInitialPosition" value="-1" />
    </group>
    <group value="AtomFileIcons.OldToolbar" is_group="true" forse_popup="false" action_type="-1" position="6">
      <path value="root" />
      <path value="Main Toolbar" />
      <path value="Right" />
      <option name="myInitialPosition" value="-1" />
    </group>
    <group value="CompileDirty" is_action="true" action_type="1" position="0">
      <path value="root" />
      <path value="Main Toolbar" />
      <path value="Right" />
      <option name="myInitialPosition" value="-1" />
    </group>
  </component>
</application>