<application>
  <component name="LafManager" autodetect="false">
    <laf class-name="com.intellij.ide.ui.laf.darcula.DarculaLaf" themeId="mellow-mellow" />
    <lafs-to-previous-schemes>
      <laf-to-scheme laf="Darcula Pitch Black" scheme="Mellow copy" />
      <laf-to-scheme laf="Dark" scheme="Mellow finn copy10" />
      <laf-to-scheme laf="IntelliJ Light" scheme="Mellow finn copy10" />
      <laf-to-scheme laf="Mellow-mellow" scheme="Mellow finn copy10" />
      <laf-to-scheme laf="True Black" scheme="Mellow finn copy11" />
      <laf-to-scheme laf="True Dark" scheme="Mellow copy" />
    </lafs-to-previous-schemes>
  </component>
</application>