<application>
  <component name="NodeJsLocalInterpreterManager">
    <local-interpreter path="$USER_HOME$/.nvm/versions/node/v18.17.1/bin/node">
      <version-cache version="18.17.1" last-modified="1691534708000" />
    </local-interpreter>
    <local-interpreter path="$USER_HOME$/.nvm/versions/node/v18.16.0/bin/node" />
    <local-interpreter path="$USER_HOME$/.nvm/versions/node/v18.15.0/bin/node" />
    <local-interpreter path="$USER_HOME$/.nvm/versions/node/v18.14.0/bin/node" />
    <local-interpreter path="$USER_HOME$/.nvm/versions/node/v18.13.0/bin/node" />
    <local-interpreter path="$USER_HOME$/.nvm/versions/node/v18.0.0/bin/node" />
    <local-interpreter path="$USER_HOME$/.nvm/versions/node/v16.19.1/bin/node" />
    <local-interpreter path="$USER_HOME$/.nvm/versions/node/v16.17.1/bin/node" />
    <local-interpreter path="$USER_HOME$/.nvm/versions/node/v16.16.0/bin/node" />
    <local-interpreter path="$USER_HOME$/.nvm/versions/node/v16.0.0/bin/node" />
  </component>
</application>