<keymap version="1" name="VSCode OSX (Migrated)" parent="VSCode OSX">
  <action id="$Cut">
    <keyboard-shortcut first-keystroke="meta x" />
    <keyboard-shortcut first-keystroke="shift delete" />
    <keyboard-shortcut first-keystroke="ctrl x" />
  </action>
  <action id="$Paste">
    <keyboard-shortcut first-keystroke="meta v" />
    <keyboard-shortcut first-keystroke="ctrl v" />
  </action>
  <action id="$Redo">
    <keyboard-shortcut first-keystroke="shift meta z" />
    <keyboard-shortcut first-keystroke="shift alt back_space" />
    <keyboard-shortcut first-keystroke="shift ctrl z" />
  </action>
  <action id="$Undo">
    <keyboard-shortcut first-keystroke="meta z" />
    <keyboard-shortcut first-keystroke="ctrl z" />
  </action>
  <action id="Back">
    <keyboard-shortcut first-keystroke="ctrl minus" />
    <mouse-shortcut keystroke="button4" />
    <keyboard-shortcut first-keystroke="meta k" />
  </action>
  <action id="CloseAllEditors" />
  <action id="CloseAllEditorsButActive">
    <keyboard-shortcut first-keystroke="meta alt t" />
  </action>
  <action id="CloseProject">
    <keyboard-shortcut first-keystroke="shift meta w" />
  </action>
  <action id="CollapseAllRegions" />
  <action id="CollapseBlock">
    <keyboard-shortcut first-keystroke="meta alt open_bracket" />
  </action>
  <action id="CollapseDocComments" />
  <action id="CollapseRegionRecursively" />
  <action id="CommentByLineComment">
    <keyboard-shortcut first-keystroke="meta slash" />
    <keyboard-shortcut first-keystroke="g" second-keystroke="c" />
  </action>
  <action id="CompareClipboardWithSelection" />
  <action id="CopyAbsolutePath">
    <keyboard-shortcut first-keystroke="meta alt c" />
  </action>
  <action id="CopyPaths">
    <keyboard-shortcut first-keystroke="meta alt c" />
  </action>
  <action id="EditSourceInNewWindow" />
  <action id="ExpandAllRegions" />
  <action id="ExpandRegionRecursively" />
  <action id="FindNext">
    <keyboard-shortcut first-keystroke="meta g" />
    <keyboard-shortcut first-keystroke="f3" />
  </action>
  <action id="Forward">
    <keyboard-shortcut first-keystroke="shift ctrl minus" />
    <keyboard-shortcut first-keystroke="meta j" />
  </action>
  <action id="GotoAction">
    <keyboard-shortcut first-keystroke="shift meta p" />
    <keyboard-shortcut first-keystroke="shift meta a" />
  </action>
  <action id="GotoFile">
    <keyboard-shortcut first-keystroke="meta p" />
    <keyboard-shortcut first-keystroke="f1" />
  </action>
  <action id="Help.KeymapReference" />
  <action id="JumpToLastChange" />
  <action id="Markdown.Layout.EditorAndPreview" />
  <action id="OverrideFileTypeAction" />
  <action id="PinActiveTabAction" />
  <action id="QuickChangeScheme" />
  <action id="QuickJavaDoc">
    <mouse-shortcut keystroke="control button2" />
  </action>
  <action id="RemoteServers.EditServerConfig" />
  <action id="RevealIn">
    <keyboard-shortcut first-keystroke="meta alt r" />
  </action>
  <action id="SaveAll">
    <keyboard-shortcut first-keystroke="meta alt s" />
    <keyboard-shortcut first-keystroke="shift ctrl s" />
    <keyboard-shortcut first-keystroke="ctrl s" />
  </action>
  <action id="SelectInProjectView" />
  <action id="Terminal.ClearBuffer">
    <keyboard-shortcut first-keystroke="meta l" />
  </action>
  <action id="ToggleZenMode" />
  <action id="Vcs.Log.ShowTooltip">
    <mouse-shortcut keystroke="control button2" />
  </action>
</keymap>